model,(Intercept),kelp,seagrass,rockyshore,slope_subtidal,water25m,freshwater,h1000m,h100m,silt_percent,dat_diff,df,logLik,AICc,delta,weight
mm07,20.915353651923425,NA,NA,NA,NA,NA,NA,1.9803258931644705,-1.567652350510965,-55.938774988283555,NA,11,-141.59370674802562,312.9521193784042,0,0.648628166956085
mm05,25.57243727573925,NA,NA,NA,NA,NA,NA,NA,NA,-49.62427674256356,NA,9,-145.602921218427,314.205842436854,1.2537230584498502,0.346539944185232
mm04,17.607309944826966,NA,NA,NA,NA,NA,NA,2.364158003372927,-1.749462786961405,NA,NA,10,-148.2522877811603,322.7902898480349,9.838170469630711,0.00473875472728867
mm06,23.444205564455856,NA,NA,NA,NA,NA,NA,NA,NA,NA,0.05911659371838533,9,-153.8386774342772,330.6773548685544,17.725235490150226,0.0000918353366283436
mm03,22.228314681481702,NA,NA,NA,NA,NA,3.722698037288966e-4,NA,NA,NA,NA,9,-158.39293547074368,339.78587094148736,26.833751563083183,0.000000966319376115295
mm02,17.142038548533446,NA,NA,0.04553718853436716,0.1917284847896898,6.038370762254843e-4,NA,NA,NA,NA,NA,11,-156.29859541055941,342.36189670347176,29.40977732506758,0.000000266528589539847
mm01,27.6273695772235,-0.0034520215186793087,-0.0014575204131824994,NA,NA,NA,NA,NA,NA,NA,NA,10,-159.43472436510882,345.1551630159319,32.20304363752774,0.0000000659468002022057
