model,(Intercept),kelp,seagrass,rockyshore,slope_subtidal,water25m,freshwater,h1000m,h100m,silt_percent,dat_diff,df,logLik,AICc,delta,weight
mm07,5.501014846480144,NA,NA,NA,NA,NA,NA,2.594058183957245,-2.124951189,-47.37054239,NA,11,-130.467912,290.7005299,0,0.881099828
mm05,11.661937946274806,NA,NA,NA,NA,NA,NA,NA,NA,-37.50054638,NA,9,-135.9310487,294.86209746233345,4.161567568519445,0.109989746
mm04,4.699299862324678,NA,NA,NA,NA,NA,NA,2.515171579027584,-2.120368413,NA,NA,10,-136.8249281,299.9355705081453,9.235040614331297,0.008702851
mm06,9.922351464,NA,NA,NA,NA,NA,NA,NA,NA,NA,0.098157292,9,-142.2804765,307.5609530854631,16.86042319164909,0.000192234
mm02,1.579425341295865,NA,NA,0.060335703,0.6229121354425436,3.5254068807525566e-4,NA,NA,NA,NA,NA,11,-141.4685986,312.70190314708725,22.001373253273243,1.47058E-05
mm03,9.413994227918163,NA,NA,NA,NA,NA,3.0132793302731545e-4,NA,NA,NA,NA,9,-148.0000942,319.0001884151392,28.29965852132517,6.30714E-07
mm01,13.044212014570176,-0.001988579,-0.001462778,NA,NA,NA,NA,NA,NA,NA,NA,10,-151.2722488,328.8302118799459,38.129681986131914,4.62668E-09
